column,value
SEX,Мужской
SEX,Женский
FO,Центральный федеральный округ
FO,Южный федеральный округ
FO,Уральский федеральный округ
FO,Северо-Западный федеральный округ
FO,Приволжский федеральный округ
FO,Сибирский федеральный округ
FO,Северо-Кавказский федеральный округ
FO,Дальневосточный федеральный округ
TIP,Село
TIP,Город с численностью менее 50 тысяч
TIP,Город с численностью от 50 тысяч до 100 тысяч
TIP,Поселок городского типа
TIP,Город с численностью от 100 тысяч до 500 тысяч
TIP,Город с численностью от 500 тысяч до 950 тысяч
TIP,Город с численностью жителей миллион и более человек
dzh1_1,Беспородная собака
dzh1_1,"Нет, домашних животных нет"
dzh1_1,Беспородная кошка
dzh1_1,Породистая собака
dzh1_1,Породистая кошка
dzh1_1,Другое
dzh1_1," Мелкие животные (хомячки, морские свинки, черепашки и т.п.)"
dzh1_1,"Домашний скот (куры, коровы, козы и т.п.) (из другого)"
dzh1_1,Затрудняюсь ответить
dzh1_1,"Экзотические животные (змеи, ящерицы, обезьяны, крокодилы и пр.)"
dzh1_1,Декоративные птицы
dzh1_1,Аквариумные рыбки
dzh1_2,
dzh1_2,Беспородная кошка
dzh1_2,Породистая кошка
dzh1_2,Беспородная собака
dzh1_2,Декоративные птицы
dzh1_2," Мелкие животные (хомячки, морские свинки, черепашки и т.п.)"
dzh1_2,Породистая собака
dzh1_2,Аквариумные рыбки
dzh1_2,"Домашний скот (куры, коровы, козы и т.п.) (из другого)"
dzh1_2,Другое
dzh1_2,"Экзотические животные (змеи, ящерицы, обезьяны, крокодилы и пр.)"
dzh1_3,
dzh1_3,Породистая собака
dzh1_3,Породистая кошка
dzh1_3,Другое
dzh1_3,Беспородная кошка
dzh1_3,"Домашний скот (куры, коровы, козы и т.п.) (из другого)"
dzh1_3,Декоративные птицы
dzh1_3," Мелкие животные (хомячки, морские свинки, черепашки и т.п.)"
dzh1_3,Аквариумные рыбки
dzh1_3,Беспородная собака
dzh1_3,"Экзотические животные (змеи, ящерицы, обезьяны, крокодилы и пр.)"
dzh1_4,
dzh1_4,Беспородная собака
dzh1_4,Породистая кошка
dzh1_4,"Домашний скот (куры, коровы, козы и т.п.) (из другого)"
dzh1_4," Мелкие животные (хомячки, морские свинки, черепашки и т.п.)"
dzh1_4,Беспородная кошка
dzh1_4,Аквариумные рыбки
dzh1_4,Декоративные птицы
dzh1_4,Породистая собака
dzh1_4,"Экзотические животные (змеи, ящерицы, обезьяны, крокодилы и пр.)"
dzh1_4,Затрудняюсь ответить
dzh1_5,
dzh1_5,Породистая кошка
dzh1_5,Затрудняюсь ответить
dzh1_5,"Экзотические животные (змеи, ящерицы, обезьяны, крокодилы и пр.)"
dzh1_5," Мелкие животные (хомячки, морские свинки, черепашки и т.п.)"
dzh1_6,
dzh1_6," Мелкие животные (хомячки, морские свинки, черепашки и т.п.)"
dzh1_6,Беспородная кошка
dzh1_6,Декоративные птицы
dzh1_7,
dzh1_8,
dzh1_9,
dzh1_10,
dzh1_11,
dzh1_12,
dzh2_1,Ничего
dzh2_1,
dzh2_1,"Магазины, в которых можно находиться с животными"
dzh2_1,Ветеринарные клиники
dzh2_1,Зоомагазины
dzh2_1,Специально огороженные площадки для выгула или занятий домашних животных
dzh2_1,ГрУминг-салоны (уход за животными)
dzh2_1,Лапомойки в доме
dzh2_1,"Кафе, в которых можно находиться с животными"
dzh2_1,Затрудняюсь ответить
dzh2_1,Стойки с пакетами для уборки за собаками
dzh2_1,Специализированные урны для утилизации отходов жизнедеятельности собак
dzh2_2,
dzh2_2,Зоомагазины
dzh2_2,Специализированные урны для утилизации отходов жизнедеятельности собак
dzh2_2,ГрУминг-салоны (уход за животными)
dzh2_2,"Магазины, в которых можно находиться с животными"
dzh2_2,Стойки с пакетами для уборки за собаками
dzh2_2,Ветеринарные клиники
dzh2_2,Специально огороженные площадки для выгула или занятий домашних животных
dzh2_2,"Кафе, в которых можно находиться с животными"
dzh2_2,Лапомойки в доме
dzh2_3,
dzh2_3,ГрУминг-салоны (уход за животными)
dzh2_3,"Кафе, в которых можно находиться с животными"
dzh2_3,"Магазины, в которых можно находиться с животными"
dzh2_3,Зоомагазины
dzh2_3,Стойки с пакетами для уборки за собаками
dzh2_3,Ветеринарные клиники
dzh2_3,Специально огороженные площадки для выгула или занятий домашних животных
dzh2_3,Лапомойки в доме
dzh2_3,Специализированные урны для утилизации отходов жизнедеятельности собак
dzh2_4,
dzh2_4,Ветеринарные клиники
dzh2_4,"Магазины, в которых можно находиться с животными"
dzh2_4,ГрУминг-салоны (уход за животными)
dzh2_4,Специально огороженные площадки для выгула или занятий домашних животных
dzh2_4,Зоомагазины
dzh2_4,"Кафе, в которых можно находиться с животными"
dzh2_4,Специализированные урны для утилизации отходов жизнедеятельности собак
dzh2_4,Стойки с пакетами для уборки за собаками
dzh2_4,Лапомойки в доме
dzh2_5,
dzh2_5,Зоомагазины
dzh2_5,Ветеринарные клиники
dzh2_5,Специально огороженные площадки для выгула или занятий домашних животных
dzh2_5,Специализированные урны для утилизации отходов жизнедеятельности собак
dzh2_5,Лапомойки в доме
dzh2_5,"Магазины, в которых можно находиться с животными"
dzh2_5,Стойки с пакетами для уборки за собаками
dzh2_5,"Кафе, в которых можно находиться с животными"
dzh2_5,ГрУминг-салоны (уход за животными)
dzh2_6,
dzh2_6,Специализированные урны для утилизации отходов жизнедеятельности собак
dzh2_6,"Магазины, в которых можно находиться с животными"
dzh2_6,Ветеринарные клиники
dzh2_6,"Кафе, в которых можно находиться с животными"
dzh2_6,ГрУминг-салоны (уход за животными)
dzh2_6,Специально огороженные площадки для выгула или занятий домашних животных
dzh2_6,Лапомойки в доме
dzh2_6,Стойки с пакетами для уборки за собаками
dzh2_6,Зоомагазины
dzh2_7,
dzh2_7,"Кафе, в которых можно находиться с животными"
dzh2_7,ГрУминг-салоны (уход за животными)
dzh2_7,Стойки с пакетами для уборки за собаками
dzh2_7,Зоомагазины
dzh2_7,Лапомойки в доме
dzh2_7,Специально огороженные площадки для выгула или занятий домашних животных
dzh2_7,Специализированные урны для утилизации отходов жизнедеятельности собак
dzh2_7,Ветеринарные клиники
dzh2_7,"Магазины, в которых можно находиться с животными"
dzh2_8,
dzh2_8,Ветеринарные клиники
dzh2_8,Специально огороженные площадки для выгула или занятий домашних животных
dzh2_8,"Магазины, в которых можно находиться с животными"
dzh2_8,Стойки с пакетами для уборки за собаками
dzh2_8,Лапомойки в доме
dzh2_8,"Кафе, в которых можно находиться с животными"
dzh2_8,Зоомагазины
dzh2_8,ГрУминг-салоны (уход за животными)
dzh2_8,Специализированные урны для утилизации отходов жизнедеятельности собак
dzh2_9,
dzh2_9,Лапомойки в доме
dzh2_9,"Кафе, в которых можно находиться с животными"
dzh2_9,ГрУминг-салоны (уход за животными)
dzh2_9,Специализированные урны для утилизации отходов жизнедеятельности собак
dzh2_9,Ветеринарные клиники
dzh2_9,Специально огороженные площадки для выгула или занятий домашних животных
dzh2_9,Стойки с пакетами для уборки за собаками
dzh2_9,Зоомагазины
dzh2_9,"Магазины, в которых можно находиться с животными"
dzh2_10,
dzh2_11,
dzh2_12,
dzh3,Нет
dzh3,
dzh3,"Да, время от времени"
dzh3,Не бываю с питомцем в общественных местах
dzh3,"Да, часто"
dzh3,Затрудняюсь ответить
dzh4,5- полностью удовлетворен
dzh4,
dzh4,1 – совершенно не удовлетворен
dzh4,4
dzh4,Затрудняюсь ответить
dzh4,3
dzh4,2
dzh4,"Животное не требует выгула, не могу оценить"
dzh5_1,
dzh5_1,Выгул агрессивных собак без намордника
dzh5_1,Ничего не беспокоило
dzh5_1,Громкий лай в позднее или раннее время
dzh5_1,Самовыгул собак (без поводка)
dzh5_1,Отсутствие уборки за собаками во дворе
dzh5_1,"Укусы, нападения собак на людей"
dzh5_1,Большое количество бродячих собак (из другого)
dzh5_1,Выгул в неположенных местах
dzh5_1,Затрудняюсь ответить
dzh5_1,Агрессивное поведение собак по отношению к другим животным
dzh5_1,Выгул собак на длинном поводке
dzh5_1,"Отсутствие уборки за собаками в доме (в лифте, в подъезде)"
dzh5_1,Другое
dzh5_2,
dzh5_2,"Отсутствие уборки за собаками в доме (в лифте, в подъезде)"
dzh5_2,Выгул собак на длинном поводке
dzh5_2,Выгул в неположенных местах
dzh5_2,Агрессивное поведение собак по отношению к другим животным
dzh5_2,Большое количество бродячих собак (из другого)
dzh5_2,Отсутствие уборки за собаками во дворе
dzh5_2,Самовыгул собак (без поводка)
dzh5_2,Выгул агрессивных собак без намордника
dzh5_2,"Укусы, нападения собак на людей"
dzh5_2,Громкий лай в позднее или раннее время
dzh5_2,Другое
dzh5_3,
dzh5_3,Отсутствие уборки за собаками во дворе
dzh5_3,Выгул собак на длинном поводке
dzh5_3,Выгул агрессивных собак без намордника
dzh5_3,Выгул в неположенных местах
dzh5_3,"Укусы, нападения собак на людей"
dzh5_3,Самовыгул собак (без поводка)
dzh5_3,Громкий лай в позднее или раннее время
dzh5_3,Агрессивное поведение собак по отношению к другим животным
dzh5_3,"Отсутствие уборки за собаками в доме (в лифте, в подъезде)"
dzh5_3,Большое количество бродячих собак (из другого)
dzh5_4,
dzh5_4,Самовыгул собак (без поводка)
dzh5_4,"Отсутствие уборки за собаками в доме (в лифте, в подъезде)"
dzh5_4,Агрессивное поведение собак по отношению к другим животным
dzh5_4,"Укусы, нападения собак на людей"
dzh5_4,Громкий лай в позднее или раннее время
dzh5_4,Отсутствие уборки за собаками во дворе
dzh5_4,Выгул собак на длинном поводке
dzh5_4,Выгул агрессивных собак без намордника
dzh5_4,Выгул в неположенных местах
dzh5_4,Другое
dzh5_5,
dzh5_5,"Отсутствие уборки за собаками в доме (в лифте, в подъезде)"
dzh5_5,Выгул собак на длинном поводке
dzh5_5,Самовыгул собак (без поводка)
dzh5_5,Громкий лай в позднее или раннее время
dzh5_5,Выгул агрессивных собак без намордника
dzh5_5,Отсутствие уборки за собаками во дворе
dzh5_5,Агрессивное поведение собак по отношению к другим животным
dzh5_5,"Укусы, нападения собак на людей"
dzh5_5,Выгул в неположенных местах
dzh5_6,
dzh5_6,Агрессивное поведение собак по отношению к другим животным
dzh5_6,Выгул в неположенных местах
dzh5_6,"Укусы, нападения собак на людей"
dzh5_6,Выгул собак на длинном поводке
dzh5_6,Самовыгул собак (без поводка)
dzh5_6,Большое количество бродячих собак (из другого)
dzh5_6,Выгул агрессивных собак без намордника
dzh5_6,"Отсутствие уборки за собаками в доме (в лифте, в подъезде)"
dzh5_6,Громкий лай в позднее или раннее время
dzh5_7,
dzh5_7,Выгул в неположенных местах
dzh5_7,Агрессивное поведение собак по отношению к другим животным
dzh5_7,Выгул собак на длинном поводке
dzh5_7,"Укусы, нападения собак на людей"
dzh5_7,Выгул агрессивных собак без намордника
dzh5_7,Громкий лай в позднее или раннее время
dzh5_7,"Отсутствие уборки за собаками в доме (в лифте, в подъезде)"
dzh5_7,Другое
dzh5_8,
dzh5_8,"Укусы, нападения собак на людей"
dzh5_8,Отсутствие уборки за собаками во дворе
dzh5_8,Другое
dzh5_8,Выгул собак на длинном поводке
dzh5_8,Большое количество бродячих собак (из другого)
dzh5_8,Самовыгул собак (без поводка)
dzh5_9,
dzh5_9,Громкий лай в позднее или раннее время
dzh5_9,Самовыгул собак (без поводка)
dzh5_10,
dzh5_11,
dzh5_12,
dzh5_13,
TV,"Редко, но не менее одного раза в полгода"
TV,Не смотрю
TV,Смотрю более четырех часов ежедневно
TV,Несколько раз в неделю
TV,Несколько раз в месяц
TV,Ежедневно менее четырех часов в день
d1,Провожу в интернете более четырех часов ежедневно
d1,Eжедневно менее четырех часов в день
d1,Не пользуюсь
d1,Несколько раз в месяц
d1,"Редко, но не менее одного раза в полгода"
d1,Несколько раз в неделю
EDU,"Среднее профессиональное (техникум, колледж, ПТУ)"
EDU,Основное общее образование: окончил 9 (раньше 8) классов
EDU,Среднее общее (10 или 11 классов школы с аттестатом)
EDU,Незаконченное высшее (с 3-го курса вуза) или законченное высшее
EDU,"Два и более высших образования, ученая степень кандидата или доктора наук"
EDU,(НЕ ЗАЧИТЫВАТЬ) Отказ от ответа
EDU,(НЕ ЗАЧИТЫВАТЬ) Нет основного общего образования: не окончил 9 (раньше 8) классов
DOHOD_0,Среднее
DOHOD_0,Плохое
DOHOD_0,Хорошее
DOHOD_0,Очень хорошее
DOHOD_0,Очень плохое
DOHOD_0,Затрудняюсь ответить
PROF1,"Работаю по договору, контракту в найме (за исключением находящихся в декретном отпуске, подрабатывающих студентов, пе..."
PROF1,"Работающий учащийся, студент"
PROF1,Самозанятый
PROF1,"Неработающий учащийся, студент"
PROF1,"Временно не работаю, безработный"
PROF1,(НЕ ЗАЧИТЫВАТЬ) Затрудняюсь ответить
PROF1,"Предприниматель, собственник бизнеса"
PROF1,Работающий пенсионер
PROF1,(НЕ ЗАЧИТЫВАТЬ) Отказ от ответа
PROF1,"Нахожусь в декретном отпуске, отпуске по уходу за ребенком"
PROF1,Неработающий пенсионер (в том числе по инвалидности)
PROF2,"Я работаю в КОММЕРЧЕСКОЙ организации, ее цель – получить прибыль (например, магазин, завод, фермерское хозяйство, АО/..."
PROF2,
PROF2,Затрудняюсь ответить/ отказ от ответа
PROF2,"Работаю в правоохранительных органах, вооруженных силах, МЧС"
PROF2,"Я работаю в БЮДЖЕТНОЙ организации, которая безвозмездно оказывает услуги населению (детский сад, общеобразовательная,..."
PROF2,"Я работаю в НЕКОММЕРЧЕСКОЙ организации, которая оказывает помощь населению (благотворительные фонды, центры поддержки..."
PROF2,"Работаю в органах власти, управления, судебных органах"
PROF3,"Транспортировка и хранение (складское хозяйство) Включает в том числе: Перевозка грузов, ж/д, авиа, водный, космическ..."
PROF3,"Информационные технологии, связь, интернет Включает в том числе: Программирование /создание программного обеспечения,..."
PROF3,"Торговля (оптовая, розничная, онлайн продажи; в т.ч. - недвижимость) Включает в том числе: Магазин, автосалон, аукцио..."
PROF3,Затрудняюсь ответить
PROF3,"Строительство Включает в том числе: архитектура, проектирование, дизайн интерьера"
PROF3,
PROF3,"Правоохранительные органы, силовые структуры, МЧС, военная служба Включает в том числе: Полиция, росгвардия, пожарно-..."
PROF3,"Общественное питание, ресторанный и гостиничный бизнес Включает в том числе: Кафе, ресторан, доставка продуктов питан..."
PROF3,"Промышленность, производство (в т.ч. добывающие, обрабатывающие отрасли, энергетика) Включает в том числе: Завод, ком..."
PROF3,"Сельское, лесное хозяйство, охота, рыболовство и рыбоводство Включает в том числе: Фермерское хозяйство, скотобойни, ..."
PROF3,"Сфера услуг, сервиса, бытового обслуживания Включает в том числе: Прачечная/химчистка, ремонт мебели, часов, ювелирны..."
PROF3,"Образование, наука Включает в том числе: ясли, детский сад, школа, ССУЗ, вуз, научно-исследовательские институты, центры"
PROF3,"Средства массовой информации (в т.ч. журналистика, блогерство, реклама, СММ)  Включает в том числе: Издательство печа..."
PROF3,Другое (укажите)
PROF3,"Государственное и муниципальное управление, в т.ч. - судебные органы Включает в том числе: Госслужба, администрации/п..."
PROF3,"Финансовая и страховая деятельность, банковские услуги Включает в том числе: Банк, инвестиционный фонд, финансовая ар..."
PROF3,"Здравоохранение Включает в том числе: поликлиники, медицинские центры, больницы, стационары,  «Скорая помощь», санатории"
PROF3,"Сфера отдыха и развлечений, туризм Включает в том числе: Парки, активный отдых, прокат (лодок, снаряжения), ярмарки, ..."
PROF3,"Жилищно-коммунальное хозяйство Включает в том числе: водоканал, горгаз, вывоз мусора, котельная,  сортировка и перера..."
PROF3,Отказ от ответа
PROF3,"Культура, искусство, спорт Включает в том числе: дома культуры, дома народного творчества, музеи, библиотеки,  концер..."
PROF3,"Социальные услуги, социальное обеспечение Включает в том числе: собес, пенсионный фонд, реабилитационный центр, центр..."
